"Date","Type","JDay","Coef","VIP","MetricMean","MetricStdev"
701,"Chill",-183,0.143685322856918,1.10665009803111,0.0638415604432365,0.11202312593193
702,"Chill",-182,0.11533902711152,1.11437378772082,0.065485461679001,0.116834113164215
703,"Chill",-181,0.109159929743386,1.05300761528843,0.0609295161860606,0.111295259411521
704,"Chill",-180,0.13383830991897,1.18793562388774,0.0593814884936997,0.104865854808008
705,"Chill",-179,0.0720993679872051,1.03479144718809,0.053259708819665,0.099945019301713
706,"Chill",-178,0.0514080315862247,1.00918674916569,0.0505252509088665,0.0998331403525027
707,"Chill",-177,0.0264719975956762,0.934993947254991,0.0475236144831373,0.0941957527741036
708,"Chill",-176,0.0368918170573606,0.959166219715183,0.0444824943940623,0.0875839232970469
709,"Chill",-175,0.0157336994439167,0.895925974144196,0.0429518365177809,0.0825645273691802
710,"Chill",-174,0.0920356198828641,0.959253120059277,0.0383781344078153,0.0818185018200614
711,"Chill",-173,-0.00904493197402498,0.750764837284612,0.0369136778773271,0.0763256233058252
712,"Chill",-172,-0.0169076386160374,0.748432290808876,0.0384246210838881,0.0741016312531929
713,"Chill",-171,0.0375428495402753,0.721796001316789,0.0353869649275972,0.0656475285085166
714,"Chill",-170,0.0450406124662172,0.714654867917261,0.0353635266216393,0.0656270909847168
715,"Chill",-169,0.00317613138550972,0.600213444585082,0.0307811143468913,0.0578373804987492
716,"Chill",-168,0.0248500674983795,0.626719528280506,0.0338206536467881,0.0729617662077648
717,"Chill",-167,0.0369999832992141,0.543095947238507,0.0318994049446524,0.0689497446819585
718,"Chill",-166,0.010052529483032,0.520357370075376,0.0273216800906652,0.0612575093364907
719,"Chill",-165,-0.090257561251226,0.647708387513215,0.0319249710727712,0.0624988724760907
720,"Chill",-164,-0.0610149202321672,0.686304675269867,0.0319051745516791,0.0601658348767753
721,"Chill",-163,-0.094732676975837,0.684680399676529,0.0318966370805945,0.0577473432630328
722,"Chill",-162,-0.0716399652162095,0.634049561455905,0.0273574824248363,0.0483756488879456
723,"Chill",-161,-0.0278968340858805,0.814930834815362,0.0258395215145623,0.0477674164138738
724,"Chill",-160,-0.0871382559938891,0.894813158329933,0.024228380395332,0.0438678855660709
725,"Chill",-159,-0.0782250525951039,1.08218450105885,0.0242447411178257,0.0439088002659652
726,"Chill",-158,-0.104057253520481,1.02810372032218,0.0257821668270963,0.0477619047214992
727,"Chill",-157,-0.145033647041068,0.960065464779176,0.0227468840366055,0.0463673379942539
728,"Chill",-156,-0.187547519218265,0.985514434115526,0.0243401679184782,0.0472020134823393
729,"Chill",-155,-0.169070157078546,0.927665096247749,0.0258698970148666,0.0507587020013475
730,"Chill",-154,-0.0371225251168621,0.736222008623609,0.0197512945620456,0.0447439641093457
731,"Chill",-153,-0.0261588487846797,0.476419464260538,0.0167116522333648,0.0459924495976799
801,"Chill",-152,-0.0385585050323033,0.511893679871938,0.0151917079815144,0.0381813541474665
802,"Chill",-151,-0.0261298973264096,0.476327132044839,0.0167157383862202,0.0460157215755007
803,"Chill",-150,-0.0558479412999234,0.439609791794897,0.0151960489258148,0.0450094283726127
804,"Chill",-149,-0.0486628011475458,0.375391051895396,0.0137517998342575,0.0440578326750458
805,"Chill",-148,-0.0756952829549653,0.367545868640333,0.0122195719116629,0.0428755209634892
806,"Chill",-147,-0.0691960962891586,0.33876519861617,0.0135490440158788,0.0525306618687802
807,"Chill",-146,-0.05039423573613,0.292648631179351,0.0104998620618123,0.0505013290238176
808,"Chill",-145,-0.079402068448734,0.450175430599019,0.0104888382103052,0.0504833124232499
809,"Chill",-144,-0.0775337854551812,0.594134575936337,0.0104730544791691,0.0411557897390418
810,"Chill",-143,-0.0714316059734108,0.566340105905723,0.0119928833660312,0.042426616062102
811,"Chill",-142,-0.0686396696082189,0.614075450391957,0.0120097370861258,0.0351821796838007
812,"Chill",-141,-0.0345027816693215,0.824729490544334,0.0150589762329348,0.0414615726572292
813,"Chill",-140,0.0118673155646337,1.03053617569639,0.021139779779344,0.0483652951256235
814,"Chill",-139,-0.0184642351770826,1.0262385999366,0.0257125908375947,0.0532032168313208
815,"Chill",-138,-0.0503730662563779,1.046116860607,0.0272438389232245,0.0537697513112475
816,"Chill",-137,-0.0573856586097022,1.1939035388877,0.030275423555424,0.0547202435395801
817,"Chill",-136,-0.0360730644860836,1.2832718993652,0.0289363277322705,0.0544582141832806
818,"Chill",-135,-0.0361368028746951,1.32594610342814,0.0304587877905883,0.0574330681418571
819,"Chill",-134,-0.0141527895874886,1.2834741374421,0.0365154922270746,0.0633517436868923
820,"Chill",-133,-0.027480446198277,1.24390112676377,0.0410895289494886,0.0681650515219105
821,"Chill",-132,-0.0462625220093109,1.24569706724423,0.0454846528087231,0.0756900992880788
822,"Chill",-131,0.00260581187563077,1.36274276958869,0.0515646925830224,0.0826212265424561
823,"Chill",-130,-0.00800331425118153,1.23199400635002,0.0515695245604997,0.0826596320957703
824,"Chill",-129,-0.0759968938243264,1.15299120336017,0.0546034815347847,0.0888932803616372
825,"Chill",-128,-0.0717396440734426,1.02029199480851,0.053080629589287,0.0906740992695181
826,"Chill",-127,-0.0311212678451487,1.09480047964586,0.0651324783512507,0.104887297572918
827,"Chill",-126,-0.0746893857198942,1.03769195181353,0.0712575306445017,0.106299938655801
828,"Chill",-125,-0.0283840250737869,1.02588509215787,0.0822625960857101,0.115904571573006
829,"Chill",-124,-0.00428426761579282,0.926097566654853,0.0883402150208502,0.118575117810743
830,"Chill",-123,-0.0312969275125104,0.853183327621611,0.088401730422437,0.11554188105498
831,"Chill",-122,-0.0124478764545307,0.789281419728234,0.0964009121314853,0.117871214340077
901,"Chill",-121,-0.00440984292026765,0.760290554003995,0.105689418134354,0.121291830277128
902,"Chill",-120,-0.00592818381930434,0.667762944630261,0.111955509861317,0.121415877530246
903,"Chill",-119,-0.0326275344732364,0.685964459142326,0.12441694774418,0.128231867750728
904,"Chill",-118,-0.0355309884957025,0.678811675694058,0.125846014916722,0.117328553307801
905,"Chill",-117,0.0184891104029861,0.782678352767127,0.141203953635953,0.133646922962994
906,"Chill",-116,-0.0134859524940678,0.632015562395863,0.143504684526286,0.126878176122998
907,"Chill",-115,-0.021030379365429,0.649060865919451,0.153689836476128,0.132090142876831
908,"Chill",-114,-0.0401700759442386,0.578783787951123,0.160528311451574,0.141345284459432
909,"Chill",-113,-0.0442375340982395,0.630904011064244,0.171568865938395,0.148311513906262
910,"Chill",-112,-0.0148735207291635,0.631358924491132,0.179920251819416,0.156161020354685
911,"Chill",-111,-0.0373175346357191,0.61331867071871,0.201859476131581,0.17503527757856
912,"Chill",-110,-0.0571273449346883,0.672159527769981,0.207009670636559,0.177361176015332
913,"Chill",-109,-0.0994934531553486,0.739704255935679,0.222848176103069,0.183859672415305
914,"Chill",-108,-0.0582203746723215,0.674785317531095,0.230047053329055,0.178950275131893
915,"Chill",-107,-0.0197437651840604,0.665894714353417,0.241690748603744,0.189385766485338
916,"Chill",-106,-0.0401727145700433,0.683791841134884,0.25360108210314,0.189982162777609
917,"Chill",-105,-0.00425524224636641,0.669074433818457,0.267831328874745,0.201918681558151
918,"Chill",-104,0.0324499708618846,0.69159544065721,0.278512633256235,0.1975887937327
919,"Chill",-103,0.0234379256924241,0.684307518384784,0.289312947916992,0.195180864785919
920,"Chill",-102,0.0147462943724676,0.695848375682641,0.302726673523624,0.18868678299685
921,"Chill",-101,-0.0403868435838382,0.726782417876376,0.322022227179487,0.18695766855738
922,"Chill",-100,-0.034336591133514,0.797019881705528,0.314690427047529,0.175307563098147
923,"Chill",-99,-0.0259945472491775,0.819559752067977,0.327970891242322,0.168693838471799
924,"Chill",-98,-0.00355838849591534,0.79531020158877,0.324283390820635,0.172626202426405
925,"Chill",-97,0.0276235724072249,0.754053812383566,0.338901498163529,0.180954428814545
926,"Chill",-96,-0.0123468464187796,0.703113213659349,0.34734314206324,0.181945343707527
927,"Chill",-95,-0.00841840510959707,0.680897154459631,0.362797345425664,0.183921115502749
928,"Chill",-94,-0.000902279367543479,0.697885080449065,0.365810173526863,0.188368229073016
929,"Chill",-93,-0.0202916898965069,0.651010239048318,0.374645733344749,0.188376975999769
930,"Chill",-92,-0.0299027644306265,0.654334294957568,0.392151326647452,0.180910535551075
1001,"Chill",-91,-0.0345884301255435,0.670883135481532,0.397669572916803,0.171519213098114
1002,"Chill",-90,0.0443879210254063,0.600339744093361,0.398335572872917,0.176269045588162
1003,"Chill",-89,0.053965427857834,0.604689930932364,0.418051816692507,0.168099324289417
1004,"Chill",-88,0.0256164459387714,0.551294752700847,0.426319879755014,0.170610195166866
1005,"Chill",-87,0.00168607630207687,0.634088969520218,0.443316480361316,0.170188962425244
1006,"Chill",-86,-0.0920428052722432,0.886425694663372,0.455320209463823,0.178679266982074
1007,"Chill",-85,-0.0602015734031533,0.807369700130427,0.46602831278426,0.177947439227289
1008,"Chill",-84,-0.0579305768815613,0.791044981517181,0.473675353795991,0.184192850076629
1009,"Chill",-83,-0.0629774891466983,0.729237661140375,0.48961432172282,0.180217385016727
1010,"Chill",-82,-0.0467165287088086,0.816268348399489,0.506529458287665,0.187312541213198
1011,"Chill",-81,-0.043639962089086,0.615778847353149,0.511188057441912,0.191834546845546
1012,"Chill",-80,-0.0304036556933442,0.46283695195728,0.526062518362312,0.182574180614892
1013,"Chill",-79,-0.00223344095609585,0.435315183942457,0.554719925916934,0.180051977319382
1014,"Chill",-78,-0.031299439097233,0.401381006755043,0.563435655030716,0.179727630463012
1015,"Chill",-77,0.0446658049006592,0.239795526273252,0.575178032928588,0.175553209798267
1016,"Chill",-76,0.0594663337443599,0.294426760847471,0.595560244913942,0.174532323699068
1017,"Chill",-75,0.0987328907737605,0.648492712534394,0.597646968833859,0.163033338209974
1018,"Chill",-74,0.0494884246576307,0.654686490411079,0.605230772933672,0.158034454322644
1019,"Chill",-73,0.0633873129477768,0.797972008942413,0.617514998940491,0.161694293353098
1020,"Chill",-72,-0.00667584690930877,0.670474538111157,0.635510702785681,0.160606963864923
1021,"Chill",-71,0.0137498975221962,0.992318422778344,0.637482799487993,0.169567502311643
1022,"Chill",-70,0.0433161933762888,1.04483320880015,0.651355772925449,0.170499720196068
1023,"Chill",-69,0.0524346651117382,1.09278268317432,0.652168278076281,0.162650320516846
1024,"Chill",-68,-0.0461582224551501,1.06548946882673,0.655167161913084,0.150969723884554
1025,"Chill",-67,0.00885045193086518,1.06361162960385,0.659379616216428,0.152227108906363
1026,"Chill",-66,-0.0293663535109455,0.920345851518108,0.661151559587209,0.14013977834921
1027,"Chill",-65,-0.0476802287556751,0.928568386678258,0.665792799310781,0.133790399339494
1028,"Chill",-64,-0.0400956487340804,0.774738287316833,0.675950553130107,0.117648911967395
1029,"Chill",-63,-0.00826241662565233,0.614713122346997,0.68662254892886,0.12262904905017
1030,"Chill",-62,-0.00216935401782485,0.663955694526271,0.688891947454544,0.106649720354064
1031,"Chill",-61,0.0970294925204912,0.842837755386575,0.68296099304837,0.11810526124563
1101,"Chill",-60,0.0940287251594522,0.623403162377058,0.697078921082929,0.108716409542848
1102,"Chill",-59,0.00529359762620384,0.416009494448319,0.697936622676788,0.0972235608611133
1103,"Chill",-58,-0.04437596653509,0.282464144352537,0.70742892480222,0.088478147342144
1104,"Chill",-57,-0.0403675285014273,0.318792150531627,0.709939846357152,0.100325340822185
1105,"Chill",-56,-0.016991393116413,0.213567743133758,0.718752107494156,0.0824781964014305
1106,"Chill",-55,0.0471644528047063,0.266403683021653,0.733336989240522,0.0752286412722327
1107,"Chill",-54,0.00327860827712651,0.177671148711171,0.730515129265964,0.0793396779234124
1108,"Chill",-53,-0.0490607576535979,0.483208535770885,0.736520216433527,0.0828192501468739
1109,"Chill",-52,0.0453293238803804,0.40561265911007,0.738652618095163,0.0812280312465515
1110,"Chill",-51,0.018763019106389,0.22442428437728,0.733762478728381,0.0841562019649152
1111,"Chill",-50,-0.10948794482303,0.583562360244528,0.738366906027162,0.0808455844085608
1112,"Chill",-49,-0.0690906912711373,0.512993712673472,0.732057611720702,0.0871718827167354
1113,"Chill",-48,0.0459370830582226,0.73685323488182,0.729780918028488,0.0844212062215683
1114,"Chill",-47,0.0473891007688627,0.396103603996615,0.74047696496222,0.0816848276482796
1115,"Chill",-46,0.218138789413592,1.01226211939335,0.731735418409766,0.0820016946344776
1116,"Chill",-45,0.131425483048952,0.64624586213831,0.718020170499871,0.0995956980930786
1117,"Chill",-44,-0.0430470566581224,0.401023713459956,0.700363411002666,0.100964289619917
1118,"Chill",-43,0.084217801883721,0.51818749801,0.701331628547382,0.106921707886248
1119,"Chill",-42,0.102740063649028,0.476580775075604,0.700113247020769,0.110577970240651
1120,"Chill",-41,0.0666485865282071,0.364359433775336,0.712706179905116,0.102672596813457
1121,"Chill",-40,0.0234349517373548,0.491311749964606,0.707025473561687,0.0960792544512524
1122,"Chill",-39,0.108255095152839,0.553894513863075,0.709906076162847,0.103339471447463
1123,"Chill",-38,0.126567285451195,0.580406190585133,0.70522992861545,0.101513150885385
1124,"Chill",-37,0.110775119869284,0.660436256116531,0.703606836529941,0.107208438690514
1125,"Chill",-36,0.146970484658067,0.759422422372848,0.690280476324646,0.11076847685813
1126,"Chill",-35,0.0599782196013815,0.526006659237784,0.678802408381849,0.120995167399583
1127,"Chill",-34,0.0815431443659952,0.648909124638625,0.68158333930597,0.119304420064077
1128,"Chill",-33,0.239493431798553,1.20964858969229,0.688958916447365,0.135314296254262
1129,"Chill",-32,0.110663858590566,0.759901512479644,0.693397888253222,0.128677260217919
1130,"Chill",-31,0.0551500648843544,0.496111967224367,0.69667773574523,0.126927621805334
1201,"Chill",-30,0.0538281008620739,0.432645948322003,0.671087720285281,0.127400113274027
1202,"Chill",-29,0.047583229047326,0.511821364122652,0.678029450673623,0.151371160732504
1203,"Chill",-28,0.0462764555640809,0.369172045712319,0.664629508243594,0.14914149672412
1204,"Chill",-27,0.0363109894676537,0.330633019207413,0.661976401371394,0.148987306082731
1205,"Chill",-26,0.00983882401711778,0.18758583866588,0.659743699616881,0.141826924862641
1206,"Chill",-25,-0.0748877320218377,0.362978950135218,0.648154450684049,0.14200070225824
1207,"Chill",-24,-0.111040719494425,0.540392141051708,0.65596512065645,0.148604438604795
1208,"Chill",-23,-0.173623881557851,0.930793694775346,0.664413576941578,0.156981775922074
1209,"Chill",-22,-0.186614813985712,0.961232228970467,0.662226880284521,0.166869212107046
1210,"Chill",-21,-0.0444182936510296,0.422067400383204,0.649173470164379,0.157792209223046
1211,"Chill",-20,-0.00113664469725054,0.273810451915334,0.636521572022465,0.153206086227332
1212,"Chill",-19,-0.0528494628639144,0.256855791308301,0.641085455559683,0.160121891282435
1213,"Chill",-18,-0.0166029005695262,0.145624474767414,0.635991799989398,0.164265927163162
1214,"Chill",-17,-0.0594827460716754,0.555366346619337,0.645744856142574,0.164862677586387
1215,"Chill",-16,-0.16420690663566,1.0047606049676,0.644110611749119,0.160872258413266
1216,"Chill",-15,-0.192217518923197,1.16759254377571,0.639764231963929,0.158109000850341
1217,"Chill",-14,-0.0956059845472271,0.870969166356351,0.661096320211408,0.149989800789087
1218,"Chill",-13,-0.00175638592021801,0.753151939067379,0.656269178995167,0.158585022332873
1219,"Chill",-12,0.0641101609744975,0.690914340173507,0.644854893917318,0.155544703165829
1220,"Chill",-11,0.01687845965721,0.73663414797893,0.648832268311041,0.144888299961873
1221,"Chill",-10,-0.125479106905161,1.19075385218552,0.646230947823612,0.148846107972685
1222,"Chill",-9,-0.127783072209946,1.19242682466637,0.640097712782704,0.165994685456002
1223,"Chill",-8,-0.0811514941502295,1.17895842219829,0.638980923446454,0.167105396844946
1224,"Chill",-7,-0.111802873258408,1.09954503533231,0.630064420536521,0.188874103519843
1225,"Chill",-6,-0.0417947862867111,0.577099687794471,0.630935083359028,0.20362328770524
1226,"Chill",-5,0.0785678319456535,0.626297360396257,0.627544320699866,0.216349488466822
1227,"Chill",-4,0.12033594236821,0.732659533763189,0.626494511448616,0.210381245596002
1228,"Chill",-3,0.0668068671654965,0.576279847241218,0.607205521056651,0.213102260999838
1229,"Chill",-2,0.0388817096717788,0.444043593514772,0.597424449665966,0.219664648851309
1230,"Chill",-1,0.0307324157572814,0.39276634891914,0.597572437771108,0.224056811229157
1231,"Chill",0,0.0114803777868253,0.482657647525764,0.59497542686776,0.213712980952125
101,"Chill",1,0.0318444191854532,0.515203748766514,0.594247907833776,0.220671450171835
102,"Chill",2,0.0262841642315849,0.548036868997346,0.593990448231436,0.226693624571675
103,"Chill",3,-0.0315876218018963,0.627396451150212,0.597058786356902,0.224479161786438
104,"Chill",4,0.00731732276779967,0.636729263080458,0.611165100277657,0.22444323691301
105,"Chill",5,-0.0324563251907317,0.661467668082595,0.589549425476789,0.21855790918172
106,"Chill",6,-0.0875070775223222,0.794908006087797,0.601453598147389,0.216373194471727
107,"Chill",7,-0.123500160526534,0.948337583835869,0.600481655431793,0.213911924470884
108,"Chill",8,-0.0709303822864827,0.935907160792009,0.603520278521021,0.221298575594899
109,"Chill",9,-0.0780060555685989,0.960066640757746,0.621663808060016,0.222380810806894
110,"Chill",10,-0.0896231109748255,1.04806565751697,0.611795974137501,0.239571384689667
111,"Chill",11,-0.0528667915569504,1.02474551477667,0.603778837063341,0.244615548628669
112,"Chill",12,-0.0788633934644579,1.13297779791582,0.601567925261416,0.241958358936043
113,"Chill",13,-0.0726018190308391,1.04800543029425,0.60438668399073,0.253441678760069
114,"Chill",14,-0.0131654096371668,1.10232703945515,0.607075980425076,0.259567058513183
115,"Chill",15,-0.0654780559972802,1.22880920243651,0.599248755359736,0.26162290139364
116,"Chill",16,-0.0139559088809188,1.17881197690267,0.608263590648869,0.238975349597651
117,"Chill",17,0.00588763497816176,1.08536440223723,0.612226350785545,0.234427055500255
118,"Chill",18,0.0469220675557111,0.75603972482635,0.632973529979736,0.196042581267957
119,"Chill",19,0.000673666632847368,0.723513735816964,0.629277248018584,0.18052606258458
120,"Chill",20,0.0160067262251344,0.608715452181055,0.622970591431541,0.181273464327626
121,"Chill",21,0.0364346933507099,0.472840287187228,0.627730008970076,0.191303971920308
122,"Chill",22,0.0373465448975533,0.362354979163024,0.635380426156541,0.178772813937329
123,"Chill",23,0.0112594866511664,0.360122366493561,0.651191376830071,0.180678234557043
124,"Chill",24,0.077330163040866,0.367511635558556,0.657029891675119,0.181134901477721
125,"Chill",25,0.0774149164240678,0.396533906707281,0.653430321170271,0.191222248837567
126,"Chill",26,0.0776993367596843,0.463198295259587,0.652806200377827,0.192054195137836
127,"Chill",27,-0.0205027110408373,0.132270998628924,0.645053075158137,0.181616396941189
128,"Chill",28,0.0000859443116189408,0.183945657135691,0.638691439798586,0.177965931854795
129,"Chill",29,-0.0107083385416418,0.488150591302361,0.633360672956666,0.188471478471256
130,"Chill",30,-0.015651736125503,0.647347967929638,0.644498455655593,0.182922422336529
131,"Chill",31,-0.0369919516473877,0.636323632423526,0.645952859671123,0.185036223621969
201,"Chill",32,0.0195449371646798,0.651479005484125,0.659040288072235,0.173445117612001
202,"Chill",33,0.0143402268022074,0.717338490506287,0.655989697857566,0.172483385027907
203,"Chill",34,0.151874653195501,0.735265053170392,0.650406270805643,0.152185566086114
204,"Chill",35,0.0487124578139442,0.817052503293205,0.65120469265958,0.157621321864097
205,"Chill",36,0.0184273313282209,0.822340286589217,0.648174821708776,0.169298835634207
206,"Chill",37,0.0701182331980568,0.841919522225682,0.648627437310849,0.183067477822632
207,"Chill",38,0.123054139430834,0.862459469623352,0.652238979005332,0.198490585536915
208,"Chill",39,0.0525548711927003,0.773168027850999,0.644392634617812,0.210931461976424
209,"Chill",40,0.0334018411592031,0.833100509514419,0.628952748518739,0.212252349490721
210,"Chill",41,-0.00691055684534291,0.781598278662595,0.622825510087042,0.207540003661924
211,"Chill",42,-0.0301784431268027,0.89771747580079,0.625873827515009,0.204729659656901
212,"Chill",43,-0.105993974796501,1.23067863060887,0.622888117776993,0.202152386125006
213,"Chill",44,-0.145344032043619,1.39265133616902,0.624053976087613,0.200987607690114
214,"Chill",45,-0.179648613172394,1.71461044427423,0.622273862389266,0.190350784502862
215,"Chill",46,-0.139702604738431,1.53212539183406,0.615689518989863,0.184746412646136
216,"Chill",47,-0.0924075306524414,1.31159512022854,0.628786416822525,0.172476318379176
217,"Chill",48,-0.155492572700454,1.54995072467555,0.632605422492649,0.180290555998781
218,"Chill",49,-0.150003684744348,1.50754962683718,0.639194818192591,0.180962658518227
219,"Chill",50,-0.127832869108797,1.36878949655135,0.643464329756819,0.172275627374343
220,"Chill",51,-0.122164168083229,1.3486066856899,0.65189774606916,0.183543325377773
221,"Chill",52,-0.14037125387412,1.42182470824535,0.661289501506656,0.163199117667928
222,"Chill",53,-0.0742056744114557,1.21355505596977,0.657958062774999,0.166502169813206
223,"Chill",54,-0.106456594692778,1.14675338060928,0.66526034782546,0.168809639664145
224,"Chill",55,-0.0256459840588527,0.838776257548257,0.673012974202825,0.158655578126682
225,"Chill",56,-0.0257025520565146,0.89388695648984,0.67621820165634,0.158506343925386
226,"Chill",57,-0.0180055599066518,0.881830016338346,0.68650887084207,0.156195548905102
227,"Chill",58,-0.0714944748447824,1.21117215716228,0.683002943685888,0.134192019643314
228,"Chill",59,-0.0250808755182341,0.838179256002805,0.686064678745293,0.12132193333755
301,"Chill",60,-0.0805264474780779,0.916332398944554,0.693140315030162,0.109316642481127
302,"Chill",61,-0.0570160211045985,0.89905532880696,0.7025894021535,0.126373905629298
303,"Chill",62,-0.111414814086544,0.814946627523507,0.704249351786856,0.132366093248511
304,"Chill",63,0.0456708986551635,0.364293089102426,0.700483856547093,0.104371639617476
305,"Chill",64,-0.037026753844149,0.290240153296371,0.717114490568226,0.0938456628787449
306,"Chill",65,0.0585020999566103,0.387255788521657,0.716838819780066,0.0878050702136858
307,"Chill",66,0.00240671000789128,0.466166915368159,0.708422252604128,0.0894766977852731
308,"Chill",67,0.0193547479260748,0.168607994648833,0.715769717046202,0.0960900413047103
309,"Chill",68,-0.0173159593313888,0.183948530797803,0.708119127211705,0.100010476977478
310,"Chill",69,-0.00949113087368313,0.234451284224203,0.717997730937939,0.0815608369097582
311,"Chill",70,0.0273072682289172,0.21015315865761,0.718878461862891,0.0741902078565837
312,"Chill",71,0.0764209548476709,0.351106295267382,0.721019094888017,0.0724646606042482
313,"Chill",72,-0.0333876935484062,0.9238798168147,0.71699142713996,0.0723296659897821
314,"Chill",73,0.114082464438981,1.22035489013199,0.717772262522397,0.0899178510612112
315,"Chill",74,0.0537773968592199,0.552610821300218,0.722512967865602,0.0826415481046841
316,"Chill",75,0.0366887040876408,0.631109653499191,0.713182594361053,0.0856819786639974
317,"Chill",76,0.0726860389929967,0.732585513721422,0.709349304810611,0.074894139642701
318,"Chill",77,-0.0988711114594365,0.800263966967549,0.720061831747858,0.0805395609283824
319,"Chill",78,0.0254424045281329,0.944313973363091,0.707826475304915,0.0822829849976274
320,"Chill",79,0.0143614497961949,0.665037536098813,0.715834727872926,0.0867565707024119
321,"Chill",80,-0.0809067121252193,0.84243904218298,0.710965330224761,0.0880033018623034
322,"Chill",81,-0.0795381996827923,0.854287817514563,0.697944940310149,0.0862655516383523
323,"Chill",82,-0.0947326586229133,1.19388920482796,0.706866748535532,0.0891583229786316
324,"Chill",83,-0.0297827505438517,0.703919201445304,0.69735545411992,0.0955098575990019
325,"Chill",84,-0.0578561528887194,0.802329297433512,0.697024029845512,0.096037850093303
326,"Chill",85,-0.020121470098569,1.32135902360793,0.685495163304698,0.101088647587422
327,"Chill",86,-0.00306158686686628,1.06734635702078,0.676610769976311,0.106027158831793
328,"Chill",87,0.0175421272624806,1.48849093042104,0.666506902590449,0.0963457804962096
329,"Chill",88,0.0950761473217087,1.67056862666226,0.656921000487546,0.111320894424796
330,"Chill",89,-0.0157345391891182,1.32589870006066,0.658589075158685,0.104371697259009
331,"Chill",90,-0.0167441952285231,1.64100225939056,0.66022863392243,0.0979291337951802
401,"Chill",91,-0.0122647057288252,1.58826841730207,0.648589127982074,0.102093400041038
402,"Chill",92,0.113494596156947,1.79167202177025,0.655143409620195,0.111716157792674
403,"Chill",93,0.137007271151439,1.72559408338384,0.649920503775388,0.112087692845627
404,"Chill",94,0.103488068158819,1.77859117646144,0.646394716402353,0.114181697931248
405,"Chill",95,0.201192353374757,1.95661194754874,0.6444418827306,0.112499112366399
406,"Chill",96,0.142444770932521,1.39698706280458,0.643473079085978,0.124532341072249
407,"Chill",97,0.254449288998022,1.77478966066737,0.652366305831473,0.124731613202168
408,"Chill",98,0.165027540645543,1.71720130727951,0.655621741770398,0.122774996543526
409,"Chill",99,0.138109666895882,1.37271677854098,0.657518805000158,0.125839624458899
410,"Chill",100,0.188151002545964,1.43773223432994,0.656686290646301,0.141909270378083
411,"Chill",101,0.158565701002734,1.29367129823005,0.638560452241139,0.146993402281252
412,"Chill",102,0.296942799077231,1.71136668409279,0.639045782229708,0.136662029070047
413,"Chill",103,0.148926446183642,1.07866304773638,0.637471618542157,0.137255112185413
414,"Chill",104,0.0829179649911351,0.600030045149773,0.623963504969322,0.136011819887462
415,"Chill",105,0.122796254195856,0.758527879903702,0.626034991726868,0.143618839290544
416,"Chill",106,0.0465167538196862,0.437920818323217,0.608999179973493,0.128649766264019
417,"Chill",107,0.0502847945176414,0.593197973633607,0.603464616350193,0.149364243735356
418,"Chill",108,0.0162811946626525,0.530089387491498,0.585954786634128,0.152320837927665
419,"Chill",109,0.0169699701390718,0.485833935601419,0.571245050186531,0.163608119285463
420,"Chill",110,0.00944651609669043,0.605837312929839,0.551508936487713,0.16981302202032
421,"Chill",111,-0.00382085239956871,0.732964442547895,0.542809506144522,0.172274283463824
422,"Chill",112,0.00617850255271579,0.80213594124894,0.547980918503681,0.171958463593091
423,"Chill",113,-0.0160373659360958,0.773237341254724,0.543341003610266,0.181236309852505
424,"Chill",114,0.0709243103472023,1.0358333771068,0.536950593310411,0.191232054444561
425,"Chill",115,0.036837759795613,1.11612011252532,0.527968659160538,0.192521955836546
426,"Chill",116,0.0691807089197763,1.1110191515011,0.520917389478693,0.203914363230688
427,"Chill",117,0.0675715718801707,1.08228277878887,0.514567973892433,0.207001233948065
428,"Chill",118,0.00666110798918365,1.00940422913558,0.506340218002895,0.197362479466799
429,"Chill",119,-0.00255946358641844,1.05249457289187,0.503491950962217,0.19210376817057
430,"Chill",120,-0.00224960117017993,1.00528342019204,0.4923307450544,0.185046987487403
501,"Chill",121,0.0390292950928061,1.03001656089015,0.501354746326967,0.186638892271576
502,"Chill",122,-0.0163307861100063,1.06299601457749,0.48495047795973,0.174231672694427
503,"Chill",123,0.00296864607528658,0.986415091523568,0.46676299891917,0.173191291058919
504,"Chill",124,-0.0429361589055431,1.04391796726288,0.446095964498446,0.170418319281346
505,"Chill",125,-0.0894127434405091,0.980621037192052,0.432133953574163,0.174728892598158
506,"Chill",126,-0.0814115006296152,0.959641522341261,0.412889432404147,0.176453525047436
507,"Chill",127,-0.125317871996022,0.985763864095711,0.39772445605006,0.190248057568904
508,"Chill",128,-0.0904826328531626,0.899798691080251,0.386055112630374,0.205033841051464
509,"Chill",129,0.0121942093474745,0.896107856301971,0.379609044086948,0.196908731676552
510,"Chill",130,-0.0261049493656066,0.777241026113076,0.368364221278061,0.206637021749815
511,"Chill",131,-0.0235550574886088,0.782872043060357,0.368888997370496,0.212575017352274
512,"Chill",132,-0.0509154503486888,0.744400566541962,0.350077415807645,0.227310886531814
513,"Chill",133,-0.0108381413097347,0.771494803702471,0.33547220904057,0.220668740993003
514,"Chill",134,0.00757298791249175,0.833612669495564,0.332516645577778,0.220449048775501
701,"Heat",-183,-0.16014490163126,1.15069412364713,303.768214912818,42.1386137570101
702,"Heat",-182,-0.162912122253184,1.19998560529211,305.043491980621,42.1382694021879
703,"Heat",-181,-0.158569500505587,1.21425264838957,305.944037109848,41.3933186081579
704,"Heat",-180,-0.108292961414228,1.12849658378422,307.600126197513,40.4300218150569
705,"Heat",-179,-0.0386743488580207,1.0178181390735,309.253400343941,39.2807713739006
706,"Heat",-178,-0.0182309078204924,0.966920830889435,310.704643729275,39.2154668489301
707,"Heat",-177,-0.0122971780236156,0.932339306092748,312.550331174962,37.4094686494098
708,"Heat",-176,-0.00783114304886612,0.864670231501504,315.240667487604,36.4297110531683
709,"Heat",-175,-0.0136623018312954,0.848333149983511,316.616946400828,34.9792449193233
710,"Heat",-174,-0.0130033731974323,0.826340856493618,317.873219753694,34.4339076441723
711,"Heat",-173,-0.0177585898835937,0.808609257963134,318.06173133401,34.6175824400562
712,"Heat",-172,-0.0163508941912063,0.789290603037282,317.93012373857,33.9136312033815
713,"Heat",-171,-0.0049158808042222,0.728835230098252,317.214141729177,34.2838904230464
714,"Heat",-170,-0.00952955563639383,0.680939157418684,318.347731018478,35.0841561279223
715,"Heat",-169,-0.0455664056815424,0.667413561475041,318.297250556293,36.6107875111607
716,"Heat",-168,-0.0872924833094991,0.721701954131894,318.79179566992,37.8111201826053
717,"Heat",-167,-0.0962378084346974,0.708176702789278,320.231083144798,38.9970771608198
718,"Heat",-166,-0.0662347902041849,0.647149967397304,320.072771878328,38.3730170228312
719,"Heat",-165,-0.0740063958497612,0.716801326287025,319.993433491,37.205698550038
720,"Heat",-164,-0.0646173498772116,0.718211945669741,319.914664304643,37.1686419642239
721,"Heat",-163,-0.0620163273556705,0.73061803053676,320.53528513234,35.3310572939304
722,"Heat",-162,-0.0578609412377017,0.681340769450356,322.172807116114,33.6443653699028
723,"Heat",-161,-0.10042215892214,0.832685080258232,323.574070569967,31.8066960787111
724,"Heat",-160,-0.127995195646207,0.947713967665726,326.397991978287,30.8060600936569
725,"Heat",-159,-0.115436953108997,0.914984386378032,326.660417113102,31.6127052394822
726,"Heat",-158,-0.0676828505691902,0.733935216421855,326.930052933703,31.9737516472477
727,"Heat",-157,-0.0316086165585114,0.601019297939853,328.050751635901,32.0493847209634
728,"Heat",-156,0.00997336284417843,0.495713862882942,327.871410116974,32.699798070988
729,"Heat",-155,-0.0245727706044689,0.458896517917311,329.385961373226,33.4853597596684
730,"Heat",-154,-0.0544855361437012,0.452204684346323,330.956273889976,33.1289572455103
731,"Heat",-153,-0.0742877009411022,0.44951675117908,332.466657777191,32.4506364414048
801,"Heat",-152,-0.0751018609707067,0.414933617671084,332.222081201071,31.6597124944914
802,"Heat",-151,-0.0654007366746861,0.420890960557649,332.201584381061,32.069486142802
803,"Heat",-150,-0.0307892189748253,0.339902851991059,332.413829455719,31.3861207489989
804,"Heat",-149,0.0093172213001245,0.369682673032142,331.667224238763,31.0159704079218
805,"Heat",-148,0.0256771112692388,0.424509553632463,331.694530480599,31.274372735186
806,"Heat",-147,-0.0215285666697999,0.469079625457574,332.055793610499,30.7291933915488
807,"Heat",-146,-0.0533141989572906,0.608613435240013,330.953937687516,30.2731269269035
808,"Heat",-145,-0.0557105279833147,0.668335790168225,330.520570682441,29.292652029032
809,"Heat",-144,-0.0543985134783463,0.664459294421672,330.184377651939,28.9862541817601
810,"Heat",-143,-0.0447970796536707,0.665248473309151,329.170082581457,28.8609277621209
811,"Heat",-142,-0.0323606648854949,0.76002285165865,327.83397677215,28.5423002771437
812,"Heat",-141,-0.0145411843979476,0.858168236705274,326.522453705578,29.7943564291729
813,"Heat",-140,-0.0445813771347649,1.09721301325065,324.106225289849,29.6932717591445
814,"Heat",-139,-0.0454633733712627,1.20998124347389,321.920714572293,29.7404140402542
815,"Heat",-138,-0.0386835244324385,1.26296855739712,320.640535718735,30.4617962619702
816,"Heat",-137,-0.0385258924837024,1.30096840192056,318.604178834139,30.6919297463946
817,"Heat",-136,-0.0108692967709523,1.31959765446521,317.058093807557,31.1775682914371
818,"Heat",-135,0.00860715887673637,1.34440071915837,315.481500503769,31.8972089638601
819,"Heat",-134,-0.0128983037527737,1.45402275080375,313.570513214527,32.7224929454961
820,"Heat",-133,-0.00104950175371074,1.42275686719645,310.522662916698,33.7807265829325
821,"Heat",-132,-0.0183794660215635,1.48061961451793,308.018061065903,35.5418487015824
822,"Heat",-131,-0.0556485288838872,1.58793057055107,305.603427378308,36.699274385163
823,"Heat",-130,-0.0659662305101365,1.58880692155502,302.836558442727,37.6054081099637
824,"Heat",-129,-0.0237962512984184,1.37693596760656,300.542569305776,37.5731744248573
825,"Heat",-128,-0.0152554789900849,1.23586068101694,297.540429723234,38.2586948992519
826,"Heat",-127,-0.0138363135555373,1.16804684088249,292.832170137059,37.6629444029793
827,"Heat",-126,-0.0118201827987567,1.08559606627055,289.797659459656,38.7535621102244
828,"Heat",-125,-0.00707701488471928,0.983927821486855,287.006266121901,39.8167639874126
829,"Heat",-124,0.00162674053404599,0.904566383205614,284.454242814817,39.8713193067717
830,"Heat",-123,0.0195710566197894,0.87946325762712,281.141582420396,39.4525094542309
831,"Heat",-122,0.00787099411866975,0.890856520760474,278.037681069804,40.1883627494074
901,"Heat",-121,-0.00487270030744423,0.880208777664898,273.130707297311,40.5954656802176
902,"Heat",-120,-0.00190012744344624,0.842794638985842,269.585893827942,41.3193027993331
903,"Heat",-119,0.0124290864364101,0.776230313478029,266.925800376031,40.969020282872
904,"Heat",-118,0.0055676885849485,0.7502450234576,264.876640662877,41.9630659696199
905,"Heat",-117,0.0137597211835228,0.70598365789938,262.55681290755,43.9907440989138
906,"Heat",-116,0.0251175667847125,0.68263546333741,261.812595724839,45.0873251502603
907,"Heat",-115,0.0240126489616516,0.694598596311006,259.190217322546,44.948115600824
908,"Heat",-114,0.0333583974264212,0.722728974934519,255.374239395088,45.2518555685813
909,"Heat",-113,0.0119043521281657,0.688488135819698,251.795846050206,46.1499759600415
910,"Heat",-112,-0.0107079081585095,0.657405612351952,248.645733920875,46.8786447199395
911,"Heat",-111,-0.0190289944173527,0.646947234633795,245.674002303056,47.2583505226233
912,"Heat",-110,0.00638753872655084,0.618718552461745,243.596067530402,48.4341500689123
913,"Heat",-109,0.029643811638758,0.637017269058336,240.215734685073,49.7457356128529
914,"Heat",-108,-0.00305595759533718,0.652617921208715,237.224649157546,50.794322276809
915,"Heat",-107,-0.0313938706907952,0.698704038089245,233.332848066679,52.2067204635633
916,"Heat",-106,-0.0493651053779077,0.729822455459053,229.749014402006,54.3461581220316
917,"Heat",-105,-0.071024568996867,0.759163689594583,226.134405078745,56.6444985813875
918,"Heat",-104,-0.0863103950559931,0.787537903554351,222.162009302222,56.6079110747716
919,"Heat",-103,-0.0912380578240376,0.795784854088686,219.908750062536,56.6499002020221
920,"Heat",-102,-0.0700345393230467,0.76428498637602,217.308596430486,57.0392580457863
921,"Heat",-101,-0.0411027176670581,0.746134592840813,214.811943104986,56.5365038519332
922,"Heat",-100,-0.00897294040878859,0.76747823444118,212.179936252299,54.724724612085
923,"Heat",-99,-0.00465151364767804,0.771074307950684,209.330617586086,52.8420302183515
924,"Heat",-98,-0.0106995405699533,0.745159113166696,208.514304180717,52.7637670074313
925,"Heat",-97,0.010666852764053,0.712827816524243,205.892935926393,53.221400843013
926,"Heat",-96,0.0204243523588727,0.683099961759091,202.289062263668,53.0495855549979
927,"Heat",-95,0.0281860103786257,0.673480082406318,199.39583836401,52.5721500928362
928,"Heat",-94,0.0242526018362636,0.648512522348248,195.871231142627,53.4568055296511
929,"Heat",-93,0.0182422684659391,0.654249443005823,194.363450148601,53.4329110728116
930,"Heat",-92,0.0137090084817821,0.640431893150447,191.351106168323,51.6945263561485
1001,"Heat",-91,0.0080791524674772,0.635649041733118,188.809086513148,49.8753240360256
1002,"Heat",-90,0.001094041728029,0.624547011795927,185.930468540455,49.6507418006249
1003,"Heat",-89,-0.00934835850418507,0.618132765923318,181.213374525792,49.1873575738095
1004,"Heat",-88,0.00290445199546974,0.661638841435887,178.102849998315,50.0221353813569
1005,"Heat",-87,0.012571912066723,0.711223855199395,173.959880814784,51.1273625108463
1006,"Heat",-86,0.0257104135107405,0.791243534615953,170.203474463203,53.182972434239
1007,"Heat",-85,0.0488939485291222,0.84780529868704,165.886884213955,53.8709619720368
1008,"Heat",-84,0.0390436902110155,0.817523826758291,160.885160225814,54.4033618343618
1009,"Heat",-83,0.0227170226348052,0.774518226376649,156.233615688647,55.689569501507
1010,"Heat",-82,0.0161720890345596,0.718081216539589,151.086085859665,56.7464954646641
1011,"Heat",-81,0.0106459665307885,0.62478174077454,145.461418520397,57.8659221411561
1012,"Heat",-80,-0.00890353147257684,0.50330658620565,138.763947941821,57.712549859398
1013,"Heat",-79,-0.0234242521273776,0.390797527063974,132.695045062394,57.7904314639784
1014,"Heat",-78,-0.0414176209655184,0.297726705605792,128.703136397468,57.4323633190322
1015,"Heat",-77,-0.0508285432616475,0.249893487934114,123.487100426195,57.3379312010223
1016,"Heat",-76,-0.0416053274668029,0.204153352886204,118.175379916089,56.7824411255388
1017,"Heat",-75,-0.0291796143790581,0.328940720082572,114.311212434046,56.2040279401327
1018,"Heat",-74,-0.0246371977161389,0.485127353796471,111.774294610088,55.4191426853434
1019,"Heat",-73,-0.00991338129494246,0.598896857229712,108.905898534437,54.1355261608758
1020,"Heat",-72,0.0146464683168308,0.699965883714068,105.615058749517,53.4310493742277
1021,"Heat",-71,0.0267940540034254,0.845215437031767,102.69779563069,54.1151277724798
1022,"Heat",-70,0.0186852434194004,0.91539050613334,100.256151476669,55.31580804069
1023,"Heat",-69,0.0139842940740257,0.967397080976374,99.2579494456882,55.3780352703279
1024,"Heat",-68,0.0249436456766148,0.93890987540523,96.8586470687527,54.207734345125
1025,"Heat",-67,0.0302221302237053,0.902167550179489,93.923170502897,53.8440367789493
1026,"Heat",-66,0.0159372537774386,0.8470201809434,91.3326782537072,52.3667197492622
1027,"Heat",-65,0.000465672424662867,0.769195090229711,88.8992186174039,49.0597839457178
1028,"Heat",-64,-0.0192226455906889,0.699483510694509,86.5666758451387,46.912888784376
1029,"Heat",-63,-0.0318561519697365,0.622449828662786,83.6101562748661,45.9497266312038
1030,"Heat",-62,-0.0426756408627396,0.584102679431601,80.7713400336013,44.7399695558848
1031,"Heat",-61,-0.0498985552062327,0.557877832574085,76.9877739556601,42.3172281819904
1101,"Heat",-60,-0.0388943360629598,0.46046696084769,72.7892950596279,40.2704748662744
1102,"Heat",-59,-0.0172281500796487,0.356690383815349,69.0269274316054,38.0878786632212
1103,"Heat",-58,0.0147282185771551,0.32247283749871,64.7096377590548,36.6613210110496
1104,"Heat",-57,0.00943055953481231,0.336336998776604,62.0469061458461,35.1031161973928
1105,"Heat",-56,0.0113978822456449,0.319699466178311,59.3891671907012,33.3263417714666
1106,"Heat",-55,0.0178642650328685,0.371117172427332,56.6166501162234,31.8271137967305
1107,"Heat",-54,0.00598893249688406,0.356749895861528,53.0576116399325,32.2829060486985
1108,"Heat",-53,-0.0155883443264667,0.331143191444047,48.7704857253885,31.7059718255442
1109,"Heat",-52,-0.046292815152339,0.354493411429783,45.5630022931169,30.6743024412856
1110,"Heat",-51,-0.0650677064048437,0.405640768256196,43.1378869606148,30.3284505280042
1111,"Heat",-50,-0.0785143875817253,0.440219893062075,41.5024543346912,29.2700646904607
1112,"Heat",-49,-0.0950478663195583,0.494895861945017,39.9170957187499,28.3903546780238
1113,"Heat",-48,-0.104833342994277,0.510527851504763,38.4126391172603,28.8031702191874
1114,"Heat",-47,-0.112950751783069,0.523101480188158,36.9699338245627,28.9836332822779
1115,"Heat",-46,-0.112625756827768,0.520854255537886,35.2566277010509,29.0831128547646
1116,"Heat",-45,-0.118204488034116,0.564236639634704,33.6087853377231,29.1728425832524
1117,"Heat",-44,-0.0990561882770836,0.512918871863257,32.7100652845479,29.3561172416884
1118,"Heat",-43,-0.0688287972976351,0.44590541207996,32.2946095085533,30.3492631432573
1119,"Heat",-42,-0.0583083827476159,0.397294705911961,31.8539583662165,31.3291027739953
1120,"Heat",-41,-0.0375345482475066,0.313718642177729,30.8824293792132,30.9721898447801
1121,"Heat",-40,-0.0133218142586534,0.218375698964694,29.3209282321718,28.8983664377964
1122,"Heat",-39,0.0169094745613165,0.182414950127574,27.7222401372238,27.4314052219945
1123,"Heat",-38,0.0508451482103064,0.27912402411329,26.1613631053239,25.8059127319913
1124,"Heat",-37,0.0784637404062082,0.395840675859706,24.9555348718805,24.5775398197155
1125,"Heat",-36,0.0931890865823323,0.494820977217525,23.6720128897059,23.0420428130957
1126,"Heat",-35,0.0908823828348748,0.529065656816444,22.7272691500124,21.4741714059092
1127,"Heat",-34,0.102521546167458,0.558322656678971,21.9247023844813,20.3465697474871
1128,"Heat",-33,0.0813713219086114,0.541567393045258,20.5966172326946,19.5841410710953
1129,"Heat",-32,0.044711194958145,0.496578957477158,18.9661143449831,18.8918414059411
1130,"Heat",-31,0.047794375392399,0.536477500355112,18.0078826560208,20.057530894784
1201,"Heat",-30,0.0483039194466608,0.563290291147927,16.9813353535003,19.8436739141571
1202,"Heat",-29,0.0443960694642358,0.558745764076498,16.4543076355811,20.5515930120447
1203,"Heat",-28,0.0272871880521434,0.530396033720856,16.4236564849463,21.2962963835494
1204,"Heat",-27,0.00567592542151523,0.516929207315585,16.5215203137918,21.3399016383923
1205,"Heat",-26,-0.0112754930139672,0.524137302242583,16.2053898904518,21.1888648606485
1206,"Heat",-25,-0.000547763206431679,0.55801696744307,16.0973032553547,21.6288927553759
1207,"Heat",-24,0.022942386041637,0.595127392226275,15.9219651646085,21.6567951005244
1208,"Heat",-23,0.0388092574373712,0.569760941723618,15.5151670848535,20.878019433517
1209,"Heat",-22,0.0470164336871909,0.522550607836779,14.9272526682988,19.4451290272017
1210,"Heat",-21,0.0634406106486609,0.533785440978503,14.5794178999235,18.6379586909266
1211,"Heat",-20,0.0535324216587872,0.453109757038678,13.8141439576123,16.8038373991953
1212,"Heat",-19,0.0251225573235469,0.320928320279707,13.6147738225902,16.2799187846123
1213,"Heat",-18,-0.0100573268816627,0.278971257050376,13.5011399757837,15.5609285841041
1214,"Heat",-17,-0.034366641569924,0.335266410557257,13.4065354012952,15.2630093621631
1215,"Heat",-16,-0.0347942591110825,0.382198220054333,13.1467265323395,15.506688067103
1216,"Heat",-15,-0.0395034182888522,0.428708544125216,13.2086268214923,16.3746904149253
1217,"Heat",-14,-0.0646482670195402,0.534367893484593,13.1780102396614,16.7905932015769
1218,"Heat",-13,-0.0930410590118887,0.653599915209303,13.3757850589591,16.9790477560555
1219,"Heat",-12,-0.103677510906438,0.756618253086754,13.8889258594723,17.5640460077833
1220,"Heat",-11,-0.0907994380350127,0.742407012276059,14.4457392606333,18.2896031525533
1221,"Heat",-10,-0.0819362091215956,0.711031780416559,14.6888765712248,19.2975248874558
1222,"Heat",-9,-0.0563374755235698,0.686410693469289,14.9866367467154,19.2900776641533
1223,"Heat",-8,-0.0198940058250324,0.669941160770624,15.1149055799557,18.1964529939266
1224,"Heat",-7,0.0154720990289617,0.664770908537529,14.946952250875,17.9270296691066
1225,"Heat",-6,0.0454379335946216,0.706607183741458,14.5191748119021,17.4987280448824
1226,"Heat",-5,0.0484933678786699,0.724098039635903,14.6077477399768,17.0118959251772
1227,"Heat",-4,0.0474716095323368,0.711487744128583,14.3010265744819,16.6131742189698
1228,"Heat",-3,0.0621460005266389,0.738384598076997,14.0811850230789,16.3438414253616
1229,"Heat",-2,0.0671393177660026,0.755337933064016,13.4138387278693,15.9074962757467
1230,"Heat",-1,0.0766044481289567,0.735770639923946,12.6612262554312,15.0268568819892
1231,"Heat",0,0.081691890431187,0.715669411717644,12.1427805731914,14.3884272101412
101,"Heat",1,0.0909378714687276,0.80412618285339,12.0606521685457,14.0119763987803
102,"Heat",2,0.0848533237725918,0.917699704964397,11.7507131672136,13.1484173970781
103,"Heat",3,0.0519188374505277,1.07163139401812,11.448823363947,12.716361765098
104,"Heat",4,0.0306662337277767,1.23678401732276,11.6021511419572,13.5737575916426
105,"Heat",5,0.0175665118265797,1.25421821614932,12.00608104992,14.2929575609698
106,"Heat",6,0.0239989663191392,1.26515312110459,12.0598233110302,14.4027654168117
107,"Heat",7,0.0269958519880653,1.26735349537314,12.0880244992379,14.7376677235379
108,"Heat",8,0.00468322031795609,1.26661756799015,12.1758364506961,15.2882768299533
109,"Heat",9,0.00633629580481748,1.23744632111684,12.1290839967641,15.6230586245804
110,"Heat",10,-0.0176552653237645,1.22661131077128,12.0048328666055,15.9221031585408
111,"Heat",11,-0.0294628364960706,1.23101211277425,11.997789591203,16.4814730143733
112,"Heat",12,-0.0312467466070707,1.22509510222662,11.4107382018993,16.0750967306484
113,"Heat",13,-0.0426119126850739,1.16567351145882,11.187840420884,15.9713723715419
114,"Heat",14,-0.0429727379947621,1.05312684219796,11.0202861915966,15.8855860829997
115,"Heat",15,-0.0286332720340553,0.897058162695954,10.7678107033817,15.9860964478883
116,"Heat",16,-0.0343382134619803,0.868063309738397,10.2018539337775,15.5312595677521
117,"Heat",17,-0.042699544794299,0.87597312475035,9.92734609448848,14.7281511437495
118,"Heat",18,-0.0554968497510036,0.89034916925212,9.97147524487339,14.17240863144
119,"Heat",19,-0.0438613492668313,0.829870282050901,9.71719079815998,13.5684116703539
120,"Heat",20,-0.0308813956344072,0.755213285301054,10.1714951498994,13.5293385647877
121,"Heat",21,-0.00394870008890782,0.702392472973934,10.295410293132,13.106618102562
122,"Heat",22,-0.0189880181240333,0.667751329815969,10.1840542446249,12.796166568058
123,"Heat",23,-0.0299568457211592,0.634910607609751,10.6293154668737,13.6361623158202
124,"Heat",24,-0.0232893822984291,0.571150262032459,10.9901592373209,13.9888376528754
125,"Heat",25,-0.0384093214146143,0.598389916705536,11.5568232822856,14.1857004300368
126,"Heat",26,-0.0514214218652215,0.610689959326247,11.7434502405019,14.6500540441481
127,"Heat",27,-0.060360144352909,0.637747902512261,12.1869955694505,15.4038267073091
128,"Heat",28,-0.0816795153635025,0.74799422367969,12.6152075950509,16.8514299562965
129,"Heat",29,-0.0745399411208837,0.754413254295329,12.7374865059956,18.1860209163072
130,"Heat",30,-0.0707956328676198,0.784027988566467,12.8541305621416,18.6168792085674
131,"Heat",31,-0.077735504314558,0.871484662341845,13.0519683474722,19.8090948935549
201,"Heat",32,-0.0852102085119618,0.963258599295961,13.80459563095,20.4296592626369
202,"Heat",33,-0.0748262726762547,1.03032405935855,14.3030268211058,20.2004175817634
203,"Heat",34,-0.0819981388083269,1.06240660247519,14.4587152730578,20.0699068249668
204,"Heat",35,-0.104105582366779,1.15835631060477,14.4905770174771,19.6530225807228
205,"Heat",36,-0.0941189211360824,1.19737030837482,14.0960631006324,19.0550709390599
206,"Heat",37,-0.096055284567584,1.28441467188731,14.3584433673712,19.046823934621
207,"Heat",38,-0.0802425432940584,1.33293188399058,14.7726926586295,18.5899374474795
208,"Heat",39,-0.0500869673312544,1.29743317726353,14.4475343611948,17.4206982927992
209,"Heat",40,-0.0524737857207342,1.34127104801743,14.2079848062462,16.980773470972
210,"Heat",41,-0.0722898243817555,1.39760059986149,14.202154900882,17.0547592663822
211,"Heat",42,-0.0849674072649777,1.40117140893521,13.4633133297289,16.3671690403922
212,"Heat",43,-0.113640435977221,1.489572048431,12.290825357308,15.549947635437
213,"Heat",44,-0.127438506423335,1.50752984551126,11.5511442536916,15.2616765001445
214,"Heat",45,-0.128906416736875,1.55833230277616,11.1730883954594,15.0988691068435
215,"Heat",46,-0.111925626626995,1.61658105038465,11.5824542528536,15.8460774128862
216,"Heat",47,-0.127017382327233,1.68225381152232,12.3912399041837,16.4735360180028
217,"Heat",48,-0.137280415144298,1.69243221349339,12.5529519169529,16.4554822369541
218,"Heat",49,-0.155581506624483,1.76247900300736,12.4581035456572,16.5128346770644
219,"Heat",50,-0.184278697001407,1.87521581877074,13.7165707169824,18.1109384296762
220,"Heat",51,-0.188390626122928,1.8646720434126,15.0587785524395,18.9322887457053
221,"Heat",52,-0.225560235333821,1.92299426630659,16.3727410901853,19.7099953535349
222,"Heat",53,-0.242596171232482,1.96910105154757,17.8957250424205,20.629656781164
223,"Heat",54,-0.237008153942651,1.89995936365468,19.6530369573257,21.4168071111729
224,"Heat",55,-0.232425861794252,1.87781732703487,21.378478734423,21.7707629610954
225,"Heat",56,-0.224064858790377,1.82635180829738,22.6484453006297,22.3671491287979
226,"Heat",57,-0.205489602890684,1.71603027584155,23.5133817766169,22.7142993962584
227,"Heat",58,-0.184516028662353,1.65995628250524,24.0117771002295,23.0075246269486
228,"Heat",59,-0.168599599901125,1.61954367801693,24.6872968560923,23.3547942193517
301,"Heat",60,-0.172441197730002,1.63023492026701,25.3271912445524,23.1196460379594
302,"Heat",61,-0.176675404890078,1.62639871412238,25.7221084217734,23.0873944670417
303,"Heat",62,-0.189831619166676,1.70235686986111,27.1051807307945,23.5299295535101
304,"Heat",63,-0.156439244875542,1.67912168576656,28.5872631565576,24.9197570808486
305,"Heat",64,-0.147662814178158,1.74270739706467,30.0091139516407,25.7152565692161
306,"Heat",65,-0.15086894242613,1.85068581000934,31.4896703416598,27.0670878163472
307,"Heat",66,-0.188748365710019,2.02419908595778,32.7250191715665,27.9182571133517
308,"Heat",67,-0.213324134399004,2.16240158526163,34.0010875168498,28.4515937538575
309,"Heat",68,-0.239291884160264,2.24374622548409,34.7376495463751,28.9613824128214
310,"Heat",69,-0.242500932884136,2.2476293464076,36.3627790367219,29.5859094363273
311,"Heat",70,-0.250336269704211,2.33385779707484,38.6957191243295,30.8310079472399
312,"Heat",71,-0.255829831625634,2.38523919538777,41.2830324835492,32.0625214834048
313,"Heat",72,-0.271019347958676,2.40731530786813,43.310596514773,32.8661068950889
314,"Heat",73,-0.273046369994099,2.38951857081493,43.6067584224702,33.1915281082147
315,"Heat",74,-0.286881194865529,2.37290399849371,43.4135848083361,33.9069360600297
316,"Heat",75,-0.28739915299945,2.31662282607313,43.7221694279918,33.8773677687965
317,"Heat",76,-0.276007104043216,2.19530932171729,43.7008581103364,33.7407091947372
318,"Heat",77,-0.241965933686493,1.99080527661384,44.2660803825753,34.010128122991
319,"Heat",78,-0.219643825260558,1.82285491155873,46.2760032262226,34.4979201079611
320,"Heat",79,-0.207439514242637,1.72668238398533,48.4987779549532,35.520062452073
321,"Heat",80,-0.194340176886105,1.64385013010084,49.8125723753955,35.8207845005005
322,"Heat",81,-0.200073724428493,1.63317307851214,50.6193729834217,34.6711165201525
323,"Heat",82,-0.207785678965297,1.63276098004068,51.6870155128781,34.7184481537596
324,"Heat",83,-0.183128956120658,1.55234605573586,53.0999440929659,35.9897786524262
325,"Heat",84,-0.170115617965628,1.52497282935012,55.9810335662538,37.4251821489639
326,"Heat",85,-0.155580292864021,1.53709338113136,59.4283297844635,38.7141732817611
327,"Heat",86,-0.134086450099993,1.60887362434294,62.9696302141884,40.2739589956414
328,"Heat",87,-0.131665469221164,1.74514976835472,67.5612434306081,41.6733459237982
329,"Heat",88,-0.109405062305502,1.78435082891382,71.4182752579375,43.676523272248
330,"Heat",89,-0.0968556677987941,1.82786060242573,72.9185130325167,44.7819354809286
331,"Heat",90,-0.0851343112907626,1.84557253273423,73.9956507718589,44.3535430274864
401,"Heat",91,-0.0982182916407384,1.91000456364532,75.4437111168802,45.9154784945561
402,"Heat",92,-0.13126310049232,1.96375531901605,77.9043959920146,46.8987433937093
403,"Heat",93,-0.135807769350879,1.93812982714355,78.8697234345194,46.4404546942614
404,"Heat",94,-0.160912460127592,1.99434920355987,79.9242464821502,46.8308195120803
405,"Heat",95,-0.193833876890018,2.03713596104097,81.3249040030201,48.1651514641602
406,"Heat",96,-0.213274482240794,2.01741968030476,82.0815172265288,49.0538379461788
407,"Heat",97,-0.253222210196231,2.05776239186441,81.9112536398215,48.9960921416641
408,"Heat",98,-0.267100793891375,2.06781633845198,80.7012863620338,47.7864089378062
409,"Heat",99,-0.307247782118025,2.15430028373773,80.759322451148,47.0116739979848
410,"Heat",100,-0.322655663742647,2.12254235430895,83.1704054620486,47.2322886991881
411,"Heat",101,-0.316752753634996,2.0015371877329,85.919786018473,48.0514350652522
412,"Heat",102,-0.304709571394369,1.82148541246366,88.4143911600058,47.2022921155575
413,"Heat",103,-0.266720783226906,1.5620152217285,90.3406438608417,45.3520594447445
414,"Heat",104,-0.244578152447142,1.38685651555387,92.3945975678444,45.4303905957608
415,"Heat",105,-0.196761272770306,1.10317992840186,95.3181858439311,46.5343815113957
416,"Heat",106,-0.125178647670851,0.815206798217693,98.6097499846562,47.1789131407846
417,"Heat",107,-0.0632571453545105,0.637688667098207,103.402937159322,49.1242397515645
418,"Heat",108,-0.0250857348363607,0.544066826170753,109.327261409149,52.540195778138
419,"Heat",109,-0.0205357081850097,0.562124090314214,115.570110676242,55.8337121478433
420,"Heat",110,0.00403690687024633,0.608448359500149,120.338789299338,57.2882553004076
421,"Heat",111,0.00987335220130849,0.653656378084466,123.342057031165,59.2705999426645
422,"Heat",112,-0.000370938665328159,0.697536557649652,124.975781338406,60.3147913215981
423,"Heat",113,-0.0205158803882978,0.776956541536191,127.890224839338,62.4352673205175
424,"Heat",114,-0.0444248317937605,0.877862840618897,130.338494246248,64.1786493184542
425,"Heat",115,-0.0618083720750349,1.00639325636731,134.580024643458,65.0727820139497
426,"Heat",116,-0.0803936473825032,1.10736956308679,138.221844182926,65.6128961718236
427,"Heat",117,-0.0878513555737049,1.13709835415876,141.122491086416,65.9349414917062
428,"Heat",118,-0.0874423835611894,1.12527716086835,143.04226601664,64.3933309038783
429,"Heat",119,-0.0766301862873729,1.12534995225144,143.657899086476,62.9731200265467
430,"Heat",120,-0.0650649065108825,1.1005731969196,145.555313088936,62.2760592825735
501,"Heat",121,-0.0552899079358368,1.08673265414208,147.845020786015,59.6791929186861
502,"Heat",122,-0.0302324992085365,1.06066057844157,152.282563740231,57.2603217683998
503,"Heat",123,-0.00153712389951753,1.05753529919584,158.883001023423,54.7519290754963
504,"Heat",124,0.0261513140846863,1.05948169489344,165.149232714082,52.8200416525144
505,"Heat",125,0.0452746563889095,1.06128180388629,170.713666561707,53.2264910458412
506,"Heat",126,0.0644411470188411,1.0552017012557,176.150153396935,54.6544453951431
507,"Heat",127,0.0791282396982078,0.979260781465421,181.196907831427,56.073667171298
508,"Heat",128,0.0629257714475362,0.893168389220133,185.200763760945,56.7027627209532
509,"Heat",129,0.0432963773417772,0.808128753120491,188.595239995048,59.2291611721199
510,"Heat",130,0.0385868594128916,0.743027238719464,192.423425342176,61.6519573961011
511,"Heat",131,0.05376132220413,0.720934841547377,196.138635955646,64.188627806395
512,"Heat",132,0.0381476387640325,0.681106496206574,200.51163596847,66.8100732481736
513,"Heat",133,0.0112371759015508,0.645133933541828,203.976652150914,66.5811011567237
514,"Heat",134,-0.0106840053090939,0.700012685718811,205.71636632094,64.8106959334071
